{
  "languages": {
    "c": {
      "clean_nonstub_at_1": 0.025547975032660764,
      "clean_strict_at_1": 0.022499637102627378,
      "complexity_means_strict": {
        "ccn_mean": 2.9587759403372242,
        "distinct_operands_mean": 14.056204604409857,
        "distinct_operators_mean": 15.921251621271077,
        "halstead_difficulty_mean": 17.24310087309253,
        "halstead_effort_mean": 9117.22662811939,
        "halstead_volume_mean": 437.7201616910383,
        "maintainability_index_mean": 59.26157970716033,
        "max_nesting_depth_mean": 1.0302902075226978,
        "nloc_mean": 12.108542477302203,
        "parameter_count_mean": 2.165924124513619,
        "target_token_count_mean": 151.08346303501946,
        "total_operands_mean": 30.416642347600522,
        "total_operators_mean": 56.63644779507134
      },
      "defect_incidence_all": 0.8350994338800987,
      "high_severity_incidence_all": 0.29481782551894326,
      "n": 6889,
      "nonstub_rate": 0.7876324575410074,
      "odc_incidence": {
        "def_algorithm": 0.2827696327478589,
        "def_assignment": 0.1274495572652054,
        "def_checking": 0.2551894324285092,
        "def_function_class_object": 0.22514152997532297,
        "def_interface": 0.4150094353316882,
        "def_timing": 0.2059805487008274
      },
      "parseable_rate": 0.9757584555087822,
      "strict_nontrivial_rate": 0.7461169981129336,
      "submitted_rate": 1.0,
      "target_present_rate": 0.9169690811438526,
      "unique_tokens_corpus": 28774,
      "vulnerability_incidence_all": 0.6098127449557266
    },
    "java": {
      "clean_nonstub_at_1": 0.0176185291497575,
      "clean_strict_at_1": 0.01672770464218549,
      "complexity_means_strict": {
        "ccn_mean": 2.556524412142461,
        "distinct_operands_mean": 16.203853563667572,
        "distinct_operators_mean": 15.530305631136516,
        "halstead_difficulty_mean": 14.366898317376176,
        "halstead_effort_mean": 7636.904915743638,
        "halstead_volume_mean": 421.71746840568716,
        "maintainability_index_mean": 61.398351718493004,
        "max_nesting_depth_mean": 1.1619601541242854,
        "nloc_mean": 10.648881198906766,
        "parameter_count_mean": 1.4213511136270947,
        "target_token_count_mean": 150.48561932762368,
        "total_operands_mean": 30.660062970605605,
        "total_operators_mean": 50.56443484718443
      },
      "defect_incidence_all": 0.9511036325843809,
      "high_severity_incidence_all": 0.16638622191428287,
      "n": 10103,
      "nonstub_rate": 0.7769969316044739,
      "odc_incidence": {
        "def_algorithm": 0.25437988716222903,
        "def_assignment": 0.24665940809660497,
        "def_checking": 0.677224586756409,
        "def_function_class_object": 0.28684549143818666,
        "def_interface": 0.22141938038206474,
        "def_timing": 0.13362367613580126
      },
      "parseable_rate": 0.9986142729882214,
      "strict_nontrivial_rate": 0.7743244580817579,
      "submitted_rate": 1.0,
      "target_present_rate": 0.8547956052657626,
      "unique_tokens_corpus": 34529,
      "vulnerability_incidence_all": 0.64466000197961
    },
    "python": {
      "clean_nonstub_at_1": 0.017384585667374927,
      "clean_strict_at_1": 0.017191423604404094,
      "complexity_means_strict": {
        "ccn_mean": 2.5072049739687166,
        "distinct_operands_mean": 15.931641444346214,
        "distinct_operators_mean": 12.507345675802174,
        "halstead_difficulty_mean": 12.370315961635287,
        "halstead_effort_mean": 5169.317894414862,
        "halstead_volume_mean": 334.19453818131706,
        "maintainability_index_mean": 65.28172689183639,
        "max_nesting_depth_mean": 1.0242720774755723,
        "nloc_mean": 7.766360416269409,
        "parameter_count_mean": 2.9037931711939717,
        "target_token_count_mean": 73.4381749787647,
        "total_operands_mean": 31.95410664447796,
        "total_operators_mean": 34.643992002819815
      },
      "defect_incidence_all": 0.9188719335522504,
      "high_severity_incidence_all": 0.12690747537183697,
      "n": 10354,
      "nonstub_rate": 0.8026849526752946,
      "odc_incidence": {
        "def_algorithm": 0.11570407571952869,
        "def_assignment": 0.5600734015839289,
        "def_checking": 0.4311377245508982,
        "def_function_class_object": 0.26926791578134057,
        "def_interface": 0.35203785976434226,
        "def_timing": 0.0
      },
      "parseable_rate": 0.9993239327796021,
      "strict_nontrivial_rate": 0.7959242804713155,
      "submitted_rate": 1.0,
      "target_present_rate": 0.9554761444852231,
      "unique_tokens_corpus": 40109,
      "vulnerability_incidence_all": 0.5489665829631061
    }
  },
  "n": 27346
}