{
  "languages": {
    "c": {
      "clean_nonstub_at_1": 0.06764407025693134,
      "clean_strict_at_1": 0.06706343446073451,
      "complexity_means_strict": {
        "ccn_mean": 6.349500293944739,
        "distinct_operands_mean": 19.50293944738389,
        "distinct_operators_mean": 20.21987066431511,
        "halstead_difficulty_mean": 27.264226120819394,
        "halstead_effort_mean": 27660.858985673665,
        "halstead_volume_mean": 832.315042519577,
        "maintainability_index_mean": 52.65830271260619,
        "max_nesting_depth_mean": 1.19429747207525,
        "nloc_mean": 19.114344503233394,
        "parameter_count_mean": 2.638447971781305,
        "target_token_count_mean": 159.69679600235156,
        "total_operands_mean": 52.78615520282187,
        "total_operators_mean": 100.31216931216932
      },
      "defect_incidence_all": 0.7590361445783133,
      "high_severity_incidence_all": 0.1534330091450138,
      "n": 6889,
      "nonstub_rate": 0.9885324430251125,
      "odc_incidence": {
        "def_algorithm": 0.25547975032660764,
        "def_assignment": 0.23022209319204529,
        "def_checking": 0.07199883872840761,
        "def_function_class_object": 0.1392074321381913,
        "def_interface": 0.4330091450137901,
        "def_timing": 0.1390622731891421
      },
      "parseable_rate": 0.990274350413703,
      "strict_nontrivial_rate": 0.9876614893308172,
      "submitted_rate": 1.0,
      "target_present_rate": 1.0,
      "unique_tokens_corpus": 36866,
      "vulnerability_incidence_all": 0.5784584119610974
    },
    "java": {
      "clean_nonstub_at_1": 0.013659309116104128,
      "clean_strict_at_1": 0.012768484608532119,
      "complexity_means_strict": {
        "ccn_mean": 3.03826801049611,
        "distinct_operands_mean": 17.453998298687257,
        "distinct_operators_mean": 16.04453656326276,
        "halstead_difficulty_mean": 15.599112675708904,
        "halstead_effort_mean": 10735.4584731238,
        "halstead_volume_mean": 496.5860451500619,
        "maintainability_index_mean": 59.932341988106835,
        "max_nesting_depth_mean": 1.2384935443547378,
        "nloc_mean": 12.297036015190905,
        "parameter_count_mean": 1.4721138139144907,
        "target_token_count_mean": 141.648790058862,
        "total_operands_mean": 34.75612706168144,
        "total_operators_mean": 58.71399688499773
      },
      "defect_incidence_all": 0.8556864297733346,
      "high_severity_incidence_all": 0.14787686825695337,
      "n": 10103,
      "nonstub_rate": 0.15292487379986142,
      "odc_incidence": {
        "def_algorithm": 0.3108977531426309,
        "def_assignment": 0.2455706225873503,
        "def_checking": 0.49153716717806595,
        "def_function_class_object": 0.16104127486885084,
        "def_interface": 0.1559932693259428,
        "def_timing": 0.09007225576561417
      },
      "parseable_rate": 0.997327526477284,
      "strict_nontrivial_rate": 0.15134118578640007,
      "submitted_rate": 1.0,
      "target_present_rate": 0.19251707413639513,
      "unique_tokens_corpus": 42179,
      "vulnerability_incidence_all": 0.4478867663070375
    },
    "python": {
      "clean_nonstub_at_1": 0.003670079196445818,
      "clean_strict_at_1": 0.003670079196445818,
      "complexity_means_strict": {
        "ccn_mean": 3.0672785303411527,
        "distinct_operands_mean": 18.25632124996117,
        "distinct_operators_mean": 13.046797934615938,
        "halstead_difficulty_mean": 14.393346825817686,
        "halstead_effort_mean": 11164.909109233475,
        "halstead_volume_mean": 468.77030373611296,
        "maintainability_index_mean": 63.171760721512435,
        "max_nesting_depth_mean": 1.1913510983471847,
        "nloc_mean": 9.738077024084852,
        "parameter_count_mean": 2.220260050886274,
        "target_token_count_mean": 102.65166340508806,
        "total_operands_mean": 42.31433816781175,
        "total_operators_mean": 46.12803955122938
      },
      "defect_incidence_all": 0.7261927757388449,
      "high_severity_incidence_all": 0.12545875989955574,
      "n": 10354,
      "nonstub_rate": 0.04983581224647479,
      "odc_incidence": {
        "def_algorithm": 0.13675874058334944,
        "def_assignment": 0.2506277767046552,
        "def_checking": 0.3985899169403129,
        "def_function_class_object": 0.06258450840254974,
        "def_interface": 0.24425342862661772,
        "def_timing": 0.0
      },
      "parseable_rate": 0.9941085570793896,
      "strict_nontrivial_rate": 0.04935290708904771,
      "submitted_rate": 1.0,
      "target_present_rate": 0.11869808769557659,
      "unique_tokens_corpus": 46282,
      "vulnerability_incidence_all": 0.5130384392505312
    }
  },
  "n": 27346
}