{
  "languages": {
    "c": {
      "clean_nonstub_at_1": 0.14,
      "clean_strict_at_1": 0.14,
      "complexity_means_strict": {
        "ccn_mean": 6.115577889447236,
        "ccn_sum": 6.381909547738694,
        "distinct_operands_mean": 21.78894472361809,
        "distinct_operands_sum": 22.326633165829147,
        "distinct_operators_mean": 20.515075376884422,
        "distinct_operators_sum": 21.12562814070352,
        "function_name_length_mean": 15.848780487804879,
        "halstead_difficulty_mean": 27.507696758572358,
        "halstead_difficulty_sum": 28.631154489674785,
        "halstead_effort_mean": 29898.213372921324,
        "halstead_effort_sum": 31239.38800644417,
        "halstead_volume_mean": 907.0539955174847,
        "halstead_volume_sum": 936.9685788472895,
        "maintainability_index_mean": 50.55775016585929,
        "maintainability_index_sum": 52.08070498493456,
        "max_nesting_depth_mean": 1.092964824120603,
        "max_nesting_depth_sum": 1.120603015075377,
        "nloc_mean": 23.2964824120603,
        "nloc_sum": 24.0,
        "parameter_count_mean": 2.540201005025126,
        "parameter_count_sum": 2.608040201005025,
        "target_token_count_mean": 208.38693467336682,
        "total_operands_mean": 58.07035175879397,
        "total_operands_sum": 60.040201005025125,
        "total_operators_mean": 105.34422110552764,
        "total_operators_sum": 108.87939698492463
      },
      "defect_incidence_all": 0.685,
      "high_severity_incidence_all": 0.14,
      "n": 200,
      "nonstub_rate": 0.995,
      "odc_incidence": {
        "def_algorithm": 0.23,
        "def_assignment": 0.17,
        "def_checking": 0.105,
        "def_function_class_object": 0.045,
        "def_interface": 0.41,
        "def_timing": 0.125
      },
      "parseable_rate": 0.995,
      "strict_nontrivial_rate": 0.995,
      "submitted_rate": 1.0,
      "target_present_rate": 1.0,
      "unique_tokens_corpus": 3500,
      "vulnerability_incidence_all": 0.465
    },
    "java": {
      "clean_nonstub_at_1": 0.32,
      "clean_strict_at_1": 0.32,
      "complexity_means_strict": {
        "ccn_mean": 3.8025,
        "ccn_sum": 3.835,
        "distinct_operands_mean": 20.1525,
        "distinct_operands_sum": 20.42,
        "distinct_operators_mean": 17.8475,
        "distinct_operators_sum": 18.13,
        "function_name_length_mean": 12.754901960784315,
        "halstead_difficulty_mean": 17.347512626354554,
        "halstead_difficulty_sum": 17.538032833121473,
        "halstead_effort_mean": 13546.831716275652,
        "halstead_effort_sum": 13610.941373597188,
        "halstead_volume_mean": 617.092114550535,
        "halstead_volume_sum": 622.4778015687629,
        "maintainability_index_mean": 57.245286099935385,
        "maintainability_index_sum": 58.557903072019116,
        "max_nesting_depth_mean": 1.4825,
        "max_nesting_depth_sum": 1.505,
        "nloc_mean": 14.52,
        "nloc_sum": 14.66,
        "parameter_count_mean": 1.5675,
        "parameter_count_sum": 1.585,
        "target_token_count_mean": 121.38,
        "total_operands_mean": 40.46,
        "total_operands_sum": 40.83,
        "total_operators_mean": 72.6425,
        "total_operators_sum": 73.36
      },
      "defect_incidence_all": 0.645,
      "high_severity_incidence_all": 0.025,
      "n": 200,
      "nonstub_rate": 1.0,
      "odc_incidence": {
        "def_algorithm": 0.25,
        "def_assignment": 0.1,
        "def_checking": 0.4,
        "def_function_class_object": 0.035,
        "def_interface": 0.02,
        "def_timing": 0.11
      },
      "parseable_rate": 1.0,
      "strict_nontrivial_rate": 1.0,
      "submitted_rate": 1.0,
      "target_present_rate": 1.0,
      "unique_tokens_corpus": 2262,
      "vulnerability_incidence_all": 0.16
    },
    "python": {
      "clean_nonstub_at_1": 0.275,
      "clean_strict_at_1": 0.275,
      "complexity_means_strict": {
        "ccn_mean": 3.6565,
        "ccn_sum": 3.96,
        "distinct_operands_mean": 22.491499999999995,
        "distinct_operands_sum": 24.395,
        "distinct_operators_mean": 16.061,
        "distinct_operators_sum": 17.5,
        "function_name_length_mean": 12.995412844036696,
        "halstead_difficulty_mean": 17.400696447526116,
        "halstead_difficulty_sum": 19.091246072930364,
        "halstead_effort_mean": 12906.769829609064,
        "halstead_effort_sum": 14907.447593058137,
        "halstead_volume_mean": 587.522620653229,
        "halstead_volume_sum": 650.3137190360319,
        "maintainability_index_mean": 58.188790302770556,
        "maintainability_index_sum": 63.859095192316516,
        "max_nesting_depth_mean": 1.3019999999999998,
        "max_nesting_depth_sum": 1.43,
        "nloc_mean": 13.263000000000002,
        "nloc_sum": 14.175,
        "parameter_count_mean": 3.1,
        "parameter_count_sum": 3.335,
        "target_token_count_mean": 104.325,
        "total_operands_mean": 49.43,
        "total_operands_sum": 54.215,
        "total_operators_mean": 57.76049999999999,
        "total_operators_sum": 63.875
      },
      "defect_incidence_all": 0.63,
      "high_severity_incidence_all": 0.075,
      "n": 200,
      "nonstub_rate": 1.0,
      "odc_incidence": {
        "def_algorithm": 0.015,
        "def_assignment": 0.295,
        "def_checking": 0.195,
        "def_function_class_object": 0.01,
        "def_interface": 0.33,
        "def_timing": 0.0
      },
      "parseable_rate": 1.0,
      "strict_nontrivial_rate": 1.0,
      "submitted_rate": 1.0,
      "target_present_rate": 1.0,
      "unique_tokens_corpus": 3227,
      "vulnerability_incidence_all": 0.28
    }
  },
  "n": 600
}