{
  "languages": {
    "c": {
      "clean_nonstub_at_1": 0.02990274350413703,
      "clean_strict_at_1": 0.028015677166497315,
      "complexity_means_strict": {
        "ccn_mean": 4.266199559369203,
        "distinct_operands_mean": 17.938497410327766,
        "distinct_operators_mean": 17.77298817254174,
        "halstead_difficulty_mean": 22.252409103348157,
        "halstead_effort_mean": 18646.08667580321,
        "halstead_volume_mean": 684.558718797813,
        "maintainability_index_mean": 54.53693102768922,
        "max_nesting_depth_mean": 1.3280877009894867,
        "nloc_mean": 17.978676175015462,
        "parameter_count_mean": 2.5426847557204697,
        "target_token_count_mean": 155.36672077922077,
        "total_operands_mean": 45.29862283549784,
        "total_operators_mean": 83.85747603586888
      },
      "defect_incidence_all": 0.8326317317462621,
      "high_severity_incidence_all": 0.22775439105820874,
      "n": 6889,
      "nonstub_rate": 0.9082595442008999,
      "odc_incidence": {
        "def_algorithm": 0.30817244883147044,
        "def_assignment": 0.25228625344752503,
        "def_checking": 0.09115982000290318,
        "def_function_class_object": 0.20322252866889243,
        "def_interface": 0.4723472202061257,
        "def_timing": 0.15938452605603134
      },
      "parseable_rate": 0.92843663811874,
      "strict_nontrivial_rate": 0.8941791261431268,
      "submitted_rate": 1.0,
      "target_present_rate": 0.9981129336623603,
      "unique_tokens_corpus": 40688,
      "vulnerability_incidence_all": 0.5787487298591958
    },
    "java": {
      "clean_nonstub_at_1": 0.0861130357319608,
      "clean_strict_at_1": 0.08215381569830743,
      "complexity_means_strict": {
        "ccn_mean": 3.2178583852133826,
        "distinct_operands_mean": 18.080676451177148,
        "distinct_operators_mean": 16.295836523058682,
        "halstead_difficulty_mean": 16.35747360163442,
        "halstead_effort_mean": 11422.899326662073,
        "halstead_volume_mean": 531.4319154517847,
        "maintainability_index_mean": 59.30468320918991,
        "max_nesting_depth_mean": 1.3994307159409438,
        "nloc_mean": 12.582746712333066,
        "parameter_count_mean": 1.43748808320141,
        "target_token_count_mean": 161.73588814085966,
        "total_operands_mean": 37.71038791900617,
        "total_operators_mean": 62.17078784663661
      },
      "defect_incidence_all": 0.7293873106997921,
      "high_severity_incidence_all": 0.04899534791646046,
      "n": 10103,
      "nonstub_rate": 0.7728397505691379,
      "odc_incidence": {
        "def_algorithm": 0.24171038305453826,
        "def_assignment": 0.2092447787785806,
        "def_checking": 0.4233396020983866,
        "def_function_class_object": 0.08987429476393151,
        "def_interface": 0.02296347619518955,
        "def_timing": 0.08809264574878749
      },
      "parseable_rate": 0.9986142729882214,
      "strict_nontrivial_rate": 0.7645253884984659,
      "submitted_rate": 1.0,
      "target_present_rate": 0.9543699891121449,
      "unique_tokens_corpus": 39529,
      "vulnerability_incidence_all": 0.3771157082054835
    },
    "python": {
      "clean_nonstub_at_1": 0.05611357929302685,
      "clean_strict_at_1": 0.05572725516708518,
      "complexity_means_strict": {
        "ccn_mean": 3.2774279284829135,
        "distinct_operands_mean": 20.51562461632264,
        "distinct_operators_mean": 13.59108673383262,
        "halstead_difficulty_mean": 15.188325300828332,
        "halstead_effort_mean": 10887.97647216063,
        "halstead_volume_mean": 514.401572631842,
        "maintainability_index_mean": 62.00862436698147,
        "max_nesting_depth_mean": 1.2321825913342896,
        "nloc_mean": 10.551701341087915,
        "parameter_count_mean": 2.7673214020557255,
        "target_token_count_mean": 115.59704230196033,
        "total_operands_mean": 47.772062561714165,
        "total_operators_mean": 47.82782346119629
      },
      "defect_incidence_all": 0.8837164380915589,
      "high_severity_incidence_all": 0.10247247440602665,
      "n": 10354,
      "nonstub_rate": 0.8465327409696736,
      "odc_incidence": {
        "def_algorithm": 0.20446204365462622,
        "def_assignment": 0.6147382654046745,
        "def_checking": 0.3081900714699633,
        "def_function_class_object": 0.17133474985512845,
        "def_interface": 0.3426694997102569,
        "def_timing": 0.0
      },
      "parseable_rate": 0.998841027622175,
      "strict_nontrivial_rate": 0.842476337647286,
      "submitted_rate": 1.0,
      "target_present_rate": 0.987251303843925,
      "unique_tokens_corpus": 52074,
      "vulnerability_incidence_all": 0.3930847981456442
    }
  },
  "n": 27346
}