{
  "languages": {
    "c": {
      "clean_nonstub_at_1": 0.1712875598780665,
      "clean_strict_at_1": 0.1712875598780665,
      "complexity_means_strict": {
        "ccn_mean": 6.679634199448396,
        "distinct_operands_mean": 25.217738423573813,
        "distinct_operators_mean": 19.447960516765857,
        "halstead_difficulty_mean": 26.756464787371037,
        "halstead_effort_mean": 42638.88870650748,
        "halstead_volume_mean": 1134.084065461624,
        "maintainability_index_mean": 49.80802863194279,
        "max_nesting_depth_mean": 1.3234141384816374,
        "nloc_mean": 28.06590216286834,
        "parameter_count_mean": 2.6362316736826825,
        "target_token_count_mean": 203.41718681956743,
        "total_operands_mean": 71.31064015096531,
        "total_operators_mean": 125.58542604151546
      },
      "defect_incidence_all": 0.7076498766148933,
      "high_severity_incidence_all": 0.14980403541878357,
      "n": 6889,
      "nonstub_rate": 1.0,
      "odc_incidence": {
        "def_algorithm": 0.22702859631296268,
        "def_assignment": 0.2575119756132966,
        "def_checking": 0.0571926259253883,
        "def_function_class_object": 0.078530991435622,
        "def_interface": 0.3871389171142401,
        "def_timing": 0.07214399767745681
      },
      "parseable_rate": 1.0,
      "strict_nontrivial_rate": 1.0,
      "submitted_rate": 1.0,
      "target_present_rate": 1.0,
      "unique_tokens_corpus": 68342,
      "vulnerability_incidence_all": 0.40383219625489913
    },
    "java": {
      "clean_nonstub_at_1": 0.3854300702761556,
      "clean_strict_at_1": 0.3854300702761556,
      "complexity_means_strict": {
        "ccn_mean": 3.8940573992637733,
        "distinct_operands_mean": 21.205090286499274,
        "distinct_operators_mean": 17.162017161190676,
        "halstead_difficulty_mean": 17.54389290294343,
        "halstead_effort_mean": 18820.90132428107,
        "halstead_volume_mean": 700.0298591522555,
        "maintainability_index_mean": 57.25257692843423,
        "max_nesting_depth_mean": 1.3436768742272058,
        "nloc_mean": 16.262054103912956,
        "parameter_count_mean": 1.5016355420839238,
        "target_token_count_mean": 136.10769078491538,
        "total_operands_mean": 45.930430326654225,
        "total_operators_mean": 78.74533566173177
      },
      "defect_incidence_all": 0.5914084925269721,
      "high_severity_incidence_all": 0.019004256161536177,
      "n": 10103,
      "nonstub_rate": 1.0,
      "odc_incidence": {
        "def_algorithm": 0.23903790953182222,
        "def_assignment": 0.12897159259625854,
        "def_checking": 0.34524398693457387,
        "def_function_class_object": 0.06423834504602594,
        "def_interface": 0.012867465109373453,
        "def_timing": 0.08413342571513412
      },
      "parseable_rate": 1.0,
      "strict_nontrivial_rate": 1.0,
      "submitted_rate": 1.0,
      "target_present_rate": 1.0,
      "unique_tokens_corpus": 65375,
      "vulnerability_incidence_all": 0.12431950905671582
    },
    "python": {
      "clean_nonstub_at_1": 0.3717403901873672,
      "clean_strict_at_1": 0.3717403901873672,
      "complexity_means_strict": {
        "ccn_mean": 4.079213232521133,
        "distinct_operands_mean": 24.421718774432698,
        "distinct_operators_mean": 14.693297966279424,
        "halstead_difficulty_mean": 17.09427582539049,
        "halstead_effort_mean": 18065.992595301832,
        "halstead_volume_mean": 703.6259026227534,
        "maintainability_index_mean": 58.347023828324744,
        "max_nesting_depth_mean": 1.3165460553547284,
        "nloc_mean": 14.309829074569754,
        "parameter_count_mean": 3.152307136878317,
        "target_token_count_mean": 116.91249758547421,
        "total_operands_mean": 59.286759085515605,
        "total_operators_mean": 65.83768235418565
      },
      "defect_incidence_all": 0.5722426115510914,
      "high_severity_incidence_all": 0.023372609619470738,
      "n": 10354,
      "nonstub_rate": 1.0,
      "odc_incidence": {
        "def_algorithm": 0.15056982808576397,
        "def_assignment": 0.26270040564033226,
        "def_checking": 0.16553988796600347,
        "def_function_class_object": 0.01525980297469577,
        "def_interface": 0.2773807224261155,
        "def_timing": 0.0
      },
      "parseable_rate": 1.0,
      "strict_nontrivial_rate": 1.0,
      "submitted_rate": 1.0,
      "target_present_rate": 1.0,
      "unique_tokens_corpus": 72248,
      "vulnerability_incidence_all": 0.15395016418775354
    }
  },
  "n": 27346
}